{"entities":{"pages":{"welcome":{"id":"welcome","title":"Bem-vindo ao Git Pie 🥧","url":"welcome.html","level":0,"tabIndex":0},"intro":{"id":"intro","title":"Intro - Aprenda sobre VCS","url":"intro.html","level":0,"tabIndex":1},"pm0d3z_4":{"id":"pm0d3z_4","title":"Fundamentos de Versionamento","level":0,"pages":["version-control-basics","version-control-history","version-control-types","version-control-workflows","version-control-best-practices","version-control-terminology","version-control-security","version-control-integration"],"tabIndex":2},"version-control-basics":{"id":"version-control-basics","title":"Conceitos Básicos de Versionamento","url":"version-control-basics.html","level":1,"parentId":"pm0d3z_4","tabIndex":0},"version-control-history":{"id":"version-control-history","title":"História do Controle de Versão","url":"version-control-history.html","level":1,"parentId":"pm0d3z_4","tabIndex":1},"version-control-types":{"id":"version-control-types","title":"Tipos de Sistemas de Controle de Versão","url":"version-control-types.html","level":1,"parentId":"pm0d3z_4","pages":["local-version-control","centralized-version-control","distributed-version-control","version-control-comparison","modern-version-control","hybrid-version-control","blockchain-version-control"],"tabIndex":2},"local-version-control":{"id":"local-version-control","title":"Sistemas de Controle de Versão Local","url":"local-version-control.html","level":2,"parentId":"version-control-types","tabIndex":0},"centralized-version-control":{"id":"centralized-version-control","title":"Sistemas de Controle de Versão Centralizado","url":"centralized-version-control.html","level":2,"parentId":"version-control-types","tabIndex":1},"distributed-version-control":{"id":"distributed-version-control","title":"Sistemas de Controle de Versão Distribuído","url":"distributed-version-control.html","level":2,"parentId":"version-control-types","tabIndex":2},"version-control-comparison":{"id":"version-control-comparison","title":"Comparando Sistemas de Controle de Versão","url":"version-control-comparison.html","level":2,"parentId":"version-control-types","tabIndex":3},"modern-version-control":{"id":"modern-version-control","title":"Controle de Versão Moderno","url":"modern-version-control.html","level":2,"parentId":"version-control-types","tabIndex":4},"hybrid-version-control":{"id":"hybrid-version-control","title":"Controle de Versão Híbrido","url":"hybrid-version-control.html","level":2,"parentId":"version-control-types","tabIndex":5},"blockchain-version-control":{"id":"blockchain-version-control","title":"Controle de Versão Baseado em Blockchain","url":"blockchain-version-control.html","level":2,"parentId":"version-control-types","tabIndex":6},"version-control-workflows":{"id":"version-control-workflows","title":"Fluxos de Trabalho em Versionamento","url":"version-control-workflows.html","level":1,"parentId":"pm0d3z_4","pages":["trunk-based-development","feature-branch-workflow","gitflow-workflow","forking-workflow","release-management","hotfix-strategies","workflow-comparison","workflow-migration","workflow-best-practices","workflow-automation"],"tabIndex":3},"trunk-based-development":{"id":"trunk-based-development","title":"Trunk-Based Development","url":"trunk-based-development.html","level":2,"parentId":"version-control-workflows","tabIndex":0},"feature-branch-workflow":{"id":"feature-branch-workflow","title":"Feature Branch Workflow","url":"feature-branch-workflow.html","level":2,"parentId":"version-control-workflows","tabIndex":1},"gitflow-workflow":{"id":"gitflow-workflow","title":"Gitflow Workflow","url":"gitflow-workflow.html","level":2,"parentId":"version-control-workflows","tabIndex":2},"forking-workflow":{"id":"forking-workflow","title":"Forking Workflow","url":"forking-workflow.html","level":2,"parentId":"version-control-workflows","tabIndex":3},"release-management":{"id":"release-management","title":"Gerenciamento de Releases","url":"release-management.html","level":2,"parentId":"version-control-workflows","tabIndex":4},"hotfix-strategies":{"id":"hotfix-strategies","title":"Estratégias de Hotfix","url":"hotfix-strategies.html","level":2,"parentId":"version-control-workflows","tabIndex":5},"workflow-comparison":{"id":"workflow-comparison","title":"Comparando Workflows","url":"workflow-comparison.html","level":2,"parentId":"version-control-workflows","tabIndex":6},"workflow-migration":{"id":"workflow-migration","title":"Migração de Workflow","url":"workflow-migration.html","level":2,"parentId":"version-control-workflows","tabIndex":7},"workflow-best-practices":{"id":"workflow-best-practices","title":"Boas Práticas de Workflow","url":"workflow-best-practices.html","level":2,"parentId":"version-control-workflows","tabIndex":8},"workflow-automation":{"id":"workflow-automation","title":"Automação de Workflow","url":"workflow-automation.html","level":2,"parentId":"version-control-workflows","tabIndex":9},"version-control-best-practices":{"id":"version-control-best-practices","title":"Melhores Práticas em Controle de Versão","url":"version-control-best-practices.html","level":1,"parentId":"pm0d3z_4","tabIndex":4},"version-control-terminology":{"id":"version-control-terminology","title":"Terminologia do Controle de Versão","url":"version-control-terminology.html","level":1,"parentId":"pm0d3z_4","tabIndex":5},"version-control-security":{"id":"version-control-security","title":"Segurança em Controle de Versão","url":"version-control-security.html","level":1,"parentId":"pm0d3z_4","tabIndex":6},"version-control-integration":{"id":"version-control-integration","title":"Integração do Controle de Versão","url":"version-control-integration.html","level":1,"parentId":"pm0d3z_4","pages":["ci-cd-integration","ide-integration","project-management-integration","code-review-tools"],"tabIndex":7},"ci-cd-integration":{"id":"ci-cd-integration","title":"Integração com CI/CD","url":"ci-cd-integration.html","level":2,"parentId":"version-control-integration","tabIndex":0},"ide-integration":{"id":"ide-integration","title":"Integração com IDEs","url":"ide-integration.html","level":2,"parentId":"version-control-integration","tabIndex":1},"project-management-integration":{"id":"project-management-integration","title":"Integração com Gestão de Projetos","url":"project-management-integration.html","level":2,"parentId":"version-control-integration","tabIndex":2},"code-review-tools":{"id":"code-review-tools","title":"Ferramentas de Code Review","url":"code-review-tools.html","level":2,"parentId":"version-control-integration","tabIndex":3},"pm0d3z_5":{"id":"pm0d3z_5","title":"Git","level":0,"pages":["installation-setup","git-history","git-basics","git-workflow","git-commands","Empty-MD-Topic","git-internals","git-advanced","git-tools","git-hosting","git-security","git-migration","git-troubleshooting"],"tabIndex":3},"installation-setup":{"id":"installation-setup","title":"Instalação e Setup","url":"installation-setup.html","level":1,"parentId":"pm0d3z_5","tabIndex":0},"git-history":{"id":"git-history","title":"História do Git","url":"git-history.html","level":1,"parentId":"pm0d3z_5","tabIndex":1},"git-basics":{"id":"git-basics","title":"Conceitos Básicos do Git","url":"git-basics.html","level":1,"parentId":"pm0d3z_5","pages":["first-steps","git-debug"],"tabIndex":2},"first-steps":{"id":"first-steps","title":"Primeiros Passos","url":"first-steps.html","level":2,"parentId":"git-basics","tabIndex":0},"git-debug":{"id":"git-debug","title":"Git Debug","url":"git-debug.html","level":2,"parentId":"git-basics","tabIndex":1},"git-workflow":{"id":"git-workflow","title":"Fluxo de Trabalho do Git","url":"git-workflow.html","level":1,"parentId":"pm0d3z_5","tabIndex":3},"git-commands":{"id":"git-commands","title":"Comandos Essenciais do Git","url":"git-commands.html","level":1,"parentId":"pm0d3z_5","tabIndex":4},"Empty-MD-Topic":{"id":"Empty-MD-Topic","title":"Tabela Completa de Comandos","url":"empty-md-topic.html","level":1,"parentId":"pm0d3z_5","tabIndex":5},"git-internals":{"id":"git-internals","title":"Git Internals: Como o Git Funciona por Dentro","url":"git-internals.html","level":1,"parentId":"pm0d3z_5","pages":["git-objects","git-refs","git-packfiles","git-garbage-collection"],"tabIndex":6},"git-objects":{"id":"git-objects","title":"Objetos Git: Os Blocos Fundamentais","url":"git-objects.html","level":2,"parentId":"git-internals","tabIndex":0},"git-refs":{"id":"git-refs","title":"Referências Git: Navegando pelo Histórico","url":"git-refs.html","level":2,"parentId":"git-internals","tabIndex":1},"git-packfiles":{"id":"git-packfiles","title":"Git Packfiles: Otimizando o Armazenamento","url":"git-packfiles.html","level":2,"parentId":"git-internals","tabIndex":2},"git-garbage-collection":{"id":"git-garbage-collection","title":"Git Garbage Collection: Mantendo o Repositório Otimizado","url":"git-garbage-collection.html","level":2,"parentId":"git-internals","tabIndex":3},"git-advanced":{"id":"git-advanced","title":"Git Avançado: Recursos e Técnicas Poderosas","url":"git-advanced.html","level":1,"parentId":"pm0d3z_5","pages":["git-hooks","git-submodules","git-subtrees","git-worktrees","git-bisect","git-filter-branch","git-cherry-pick","git-testing","git-automation"],"tabIndex":7},"git-hooks":{"id":"git-hooks","title":"Git Hooks: Automatizando seu Workflow","url":"git-hooks.html","level":2,"parentId":"git-advanced","tabIndex":0},"git-submodules":{"id":"git-submodules","title":"Git Submodules: Gerenciando Dependências como Submódulos","url":"git-submodules.html","level":2,"parentId":"git-advanced","tabIndex":1},"git-subtrees":{"id":"git-subtrees","title":"Git Subtrees: Alternativa Flexível aos Submódulos","url":"git-subtrees.html","level":2,"parentId":"git-advanced","tabIndex":2},"git-worktrees":{"id":"git-worktrees","title":"Git Worktrees: Trabalhando com Múltiplos Diretórios","url":"git-worktrees.html","level":2,"parentId":"git-advanced","tabIndex":3},"git-bisect":{"id":"git-bisect","title":"Git Bisect: Encontrando Bugs com Busca Binária","url":"git-bisect.html","level":2,"parentId":"git-advanced","tabIndex":4},"git-filter-branch":{"id":"git-filter-branch","title":"Git Filter-branch: Reescrevendo Histórico","url":"git-filter-branch.html","level":2,"parentId":"git-advanced","tabIndex":5},"git-cherry-pick":{"id":"git-cherry-pick","title":"Git Cherry-pick: Aplicando Commits Seletivamente","url":"git-cherry-pick.html","level":2,"parentId":"git-advanced","tabIndex":6},"git-testing":{"id":"git-testing","title":"Git Testing: Garantindo Qualidade no Versionamento","url":"git-testing.html","level":2,"parentId":"git-advanced","tabIndex":7},"git-automation":{"id":"git-automation","title":"Git Automation: Otimizando Workflows","url":"git-automation.html","level":2,"parentId":"git-advanced","tabIndex":8},"git-tools":{"id":"git-tools","title":"Ferramentas Git: Expandindo Suas Capacidades","url":"git-tools.html","level":1,"parentId":"pm0d3z_5","pages":["git-guis","git-extensions","git-lfs","git-credential-helpers"],"tabIndex":8},"git-guis":{"id":"git-guis","title":"Interfaces Gráficas Git","url":"git-guis.html","level":2,"parentId":"git-tools","tabIndex":0},"git-extensions":{"id":"git-extensions","title":"Extensões Git","url":"git-extensions.html","level":2,"parentId":"git-tools","tabIndex":1},"git-lfs":{"id":"git-lfs","title":"Git LFS","url":"git-lfs.html","level":2,"parentId":"git-tools","tabIndex":2},"git-credential-helpers":{"id":"git-credential-helpers","title":"Git Credential Helpers","url":"git-credential-helpers.html","level":2,"parentId":"git-tools","tabIndex":3},"git-hosting":{"id":"git-hosting","title":"Hospedagem Git: Plataformas e Soluções","url":"git-hosting.html","level":1,"parentId":"pm0d3z_5","pages":["github-specific","gitlab-specific","bitbucket-specific","self-hosted-git"],"tabIndex":9},"github-specific":{"id":"github-specific","title":"GitHub: Recursos e Funcionalidades Específicas","url":"github-specific.html","level":2,"parentId":"git-hosting","tabIndex":0},"gitlab-specific":{"id":"gitlab-specific","title":"GitLab: Recursos e Funcionalidades Específicas","url":"gitlab-specific.html","level":2,"parentId":"git-hosting","tabIndex":1},"bitbucket-specific":{"id":"bitbucket-specific","title":"Bitbucket: Recursos e Funcionalidades Específicas","url":"bitbucket-specific.html","level":2,"parentId":"git-hosting","tabIndex":2},"self-hosted-git":{"id":"self-hosted-git","title":"Self-Hosted Git","url":"self-hosted-git.html","level":2,"parentId":"git-hosting","tabIndex":3},"git-security":{"id":"git-security","title":"Segurança no Git","url":"git-security.html","level":1,"parentId":"pm0d3z_5","pages":["git-signing","git-secrets","git-authentication","git-security-best-practices"],"tabIndex":10},"git-signing":{"id":"git-signing","title":"Assinatura de Commits e Tags","url":"git-signing.html","level":2,"parentId":"git-security","tabIndex":0},"git-secrets":{"id":"git-secrets","title":"Gerenciamento de Secrets no Git","url":"git-secrets.html","level":2,"parentId":"git-security","tabIndex":1},"git-authentication":{"id":"git-authentication","title":"Autenticação no Git","url":"git-authentication.html","level":2,"parentId":"git-security","tabIndex":2},"git-security-best-practices":{"id":"git-security-best-practices","title":"Melhores Práticas de Segurança no Git","url":"git-security-best-practices.html","level":2,"parentId":"git-security","tabIndex":3},"git-migration":{"id":"git-migration","title":"Migrando para Git","url":"git-migration.html","level":1,"parentId":"pm0d3z_5","pages":["svn-to-git","mercurial-to-git","repository-splitting","repository-merging"],"tabIndex":11},"svn-to-git":{"id":"svn-to-git","title":"Migrando de SVN para Git","url":"svn-to-git.html","level":2,"parentId":"git-migration","tabIndex":0},"mercurial-to-git":{"id":"mercurial-to-git","title":"Migrando de Mercurial para Git","url":"mercurial-to-git.html","level":2,"parentId":"git-migration","tabIndex":1},"repository-splitting":{"id":"repository-splitting","title":"Dividindo Repositórios Git","url":"repository-splitting.html","level":2,"parentId":"git-migration","tabIndex":2},"repository-merging":{"id":"repository-merging","title":"Mesclando Repositórios Git","url":"repository-merging.html","level":2,"parentId":"git-migration","tabIndex":3},"git-troubleshooting":{"id":"git-troubleshooting","title":"Troubleshooting Git","url":"git-troubleshooting.html","level":1,"parentId":"pm0d3z_5","pages":["common-issues","performance-issues","large-repositories","recovery-procedures"],"tabIndex":12},"common-issues":{"id":"common-issues","title":"Problemas Comuns do Git","url":"common-issues.html","level":2,"parentId":"git-troubleshooting","tabIndex":0},"performance-issues":{"id":"performance-issues","title":"Problemas de Performance no Git","url":"performance-issues.html","level":2,"parentId":"git-troubleshooting","tabIndex":1},"large-repositories":{"id":"large-repositories","title":"Gerenciando Repositórios Grandes","url":"large-repositories.html","level":2,"parentId":"git-troubleshooting","tabIndex":2},"recovery-procedures":{"id":"recovery-procedures","title":"Procedimentos de Recuperação","url":"recovery-procedures.html","level":2,"parentId":"git-troubleshooting","tabIndex":3},"pm0d3z_6":{"id":"pm0d3z_6","title":"GitLab","level":0,"pages":["gitlab-overview","gitlab-installation","gitlab-configuration","gitlab-workflow","gitlab-ci-cd","gitlab-administration","gitlab-integrations","gitlab-best-practices"],"tabIndex":4},"gitlab-overview":{"id":"gitlab-overview","title":"GitLab: Visão Geral","url":"gitlab-overview.html","level":1,"parentId":"pm0d3z_6","tabIndex":0},"gitlab-installation":{"id":"gitlab-installation","title":"Instalação do GitLab","url":"gitlab-installation.html","level":1,"parentId":"pm0d3z_6","tabIndex":1},"gitlab-configuration":{"id":"gitlab-configuration","title":"Configuração do GitLab","url":"gitlab-configuration.html","level":1,"parentId":"pm0d3z_6","pages":["gitlab-ssh-setup","gitlab-ci-setup","gitlab-security-setup","gitlab-backup-setup"],"tabIndex":2},"gitlab-ssh-setup":{"id":"gitlab-ssh-setup","title":"Configuração SSH no GitLab","url":"gitlab-ssh-setup.html","level":2,"parentId":"gitlab-configuration","tabIndex":0},"gitlab-ci-setup":{"id":"gitlab-ci-setup","level":2,"parentId":"gitlab-configuration","tabIndex":1},"gitlab-security-setup":{"id":"gitlab-security-setup","level":2,"parentId":"gitlab-configuration","tabIndex":2},"gitlab-backup-setup":{"id":"gitlab-backup-setup","level":2,"parentId":"gitlab-configuration","tabIndex":3},"gitlab-workflow":{"id":"gitlab-workflow","level":1,"parentId":"pm0d3z_6","pages":["gitlab-merge-requests","gitlab-issues","gitlab-boards","gitlab-milestones"],"tabIndex":3},"gitlab-merge-requests":{"id":"gitlab-merge-requests","level":2,"parentId":"gitlab-workflow","tabIndex":0},"gitlab-issues":{"id":"gitlab-issues","level":2,"parentId":"gitlab-workflow","tabIndex":1},"gitlab-boards":{"id":"gitlab-boards","level":2,"parentId":"gitlab-workflow","tabIndex":2},"gitlab-milestones":{"id":"gitlab-milestones","level":2,"parentId":"gitlab-workflow","tabIndex":3},"gitlab-ci-cd":{"id":"gitlab-ci-cd","level":1,"parentId":"pm0d3z_6","pages":["gitlab-runners","gitlab-pipelines","gitlab-environments","gitlab-artifacts"],"tabIndex":4},"gitlab-runners":{"id":"gitlab-runners","level":2,"parentId":"gitlab-ci-cd","tabIndex":0},"gitlab-pipelines":{"id":"gitlab-pipelines","level":2,"parentId":"gitlab-ci-cd","tabIndex":1},"gitlab-environments":{"id":"gitlab-environments","level":2,"parentId":"gitlab-ci-cd","tabIndex":2},"gitlab-artifacts":{"id":"gitlab-artifacts","level":2,"parentId":"gitlab-ci-cd","tabIndex":3},"gitlab-administration":{"id":"gitlab-administration","level":1,"parentId":"pm0d3z_6","pages":["gitlab-user-management","gitlab-permissions","gitlab-monitoring","gitlab-maintenance"],"tabIndex":5},"gitlab-user-management":{"id":"gitlab-user-management","level":2,"parentId":"gitlab-administration","tabIndex":0},"gitlab-permissions":{"id":"gitlab-permissions","level":2,"parentId":"gitlab-administration","tabIndex":1},"gitlab-monitoring":{"id":"gitlab-monitoring","level":2,"parentId":"gitlab-administration","tabIndex":2},"gitlab-maintenance":{"id":"gitlab-maintenance","level":2,"parentId":"gitlab-administration","tabIndex":3},"gitlab-integrations":{"id":"gitlab-integrations","level":1,"parentId":"pm0d3z_6","tabIndex":6},"gitlab-best-practices":{"id":"gitlab-best-practices","level":1,"parentId":"pm0d3z_6","tabIndex":7},"pm0d3z_7":{"id":"pm0d3z_7","title":"Boas Práticas","level":0,"pages":["commit-conventions","branching-strategies","code-review-practices","documentation-practices","team-collaboration","continuous-integration"],"tabIndex":5},"commit-conventions":{"id":"commit-conventions","title":"Convenções de Commit","url":"commit-conventions.html","level":1,"parentId":"pm0d3z_7","tabIndex":0},"branching-strategies":{"id":"branching-strategies","title":"Estratégias de Branch","url":"branching-strategies.html","level":1,"parentId":"pm0d3z_7","tabIndex":1},"code-review-practices":{"id":"code-review-practices","title":"Práticas de Code Review","url":"code-review-practices.html","level":1,"parentId":"pm0d3z_7","tabIndex":2},"documentation-practices":{"id":"documentation-practices","title":"Práticas de Documentação","url":"documentation-practices.html","level":1,"parentId":"pm0d3z_7","tabIndex":3},"team-collaboration":{"id":"team-collaboration","title":"Colaboração em Equipe","url":"team-collaboration.html","level":1,"parentId":"pm0d3z_7","tabIndex":4},"continuous-integration":{"id":"continuous-integration","title":"Integração Contínua","url":"continuous-integration.html","level":1,"parentId":"pm0d3z_7","tabIndex":5},"pm0d3z_8":{"id":"pm0d3z_8","title":"Casos de Uso","level":0,"pages":["monorepo-management","open-source-workflow","enterprise-git","git-devops"],"tabIndex":6},"monorepo-management":{"id":"monorepo-management","title":"Gerenciamento de Monorepo","url":"monorepo-management.html","level":1,"parentId":"pm0d3z_8","tabIndex":0},"open-source-workflow":{"id":"open-source-workflow","title":"Workflow Open Source","url":"open-source-workflow.html","level":1,"parentId":"pm0d3z_8","tabIndex":1},"enterprise-git":{"id":"enterprise-git","title":"Git Empresarial","url":"enterprise-git.html","level":1,"parentId":"pm0d3z_8","tabIndex":2},"git-devops":{"id":"git-devops","title":"Git e DevOps","url":"git-devops.html","level":1,"parentId":"pm0d3z_8","tabIndex":3},"pm0d3z_9":{"id":"pm0d3z_9","title":"Referências","level":0,"pages":["references","glossary","resources","cheat-sheet","contributing"],"tabIndex":7},"references":{"id":"references","title":"Links e Referências","url":"references.html","level":1,"parentId":"pm0d3z_9","tabIndex":0},"glossary":{"id":"glossary","title":"Glossário Git","url":"glossary.html","level":1,"parentId":"pm0d3z_9","tabIndex":1},"resources":{"id":"resources","title":"Recursos Git","url":"resources.html","level":1,"parentId":"pm0d3z_9","tabIndex":2},"cheat-sheet":{"id":"cheat-sheet","title":"Git Cheat Sheet","url":"cheat-sheet.html","level":1,"parentId":"pm0d3z_9","tabIndex":3},"contributing":{"id":"contributing","title":"Contribuindo para o Git Pie 🤝","url":"contributing.html","level":1,"parentId":"pm0d3z_9","tabIndex":4}}},"topLevelIds":["welcome","intro","pm0d3z_4","pm0d3z_5","pm0d3z_6","pm0d3z_7","pm0d3z_8","pm0d3z_9"]}