{"entities":{"pages":{"intro":{"id":"intro","title":"Git Pie: Aprenda sobre VCS","url":"intro.html","level":0,"tabIndex":0},"-83yuir_3":{"id":"-83yuir_3","title":"Fundamentos de Versionamento","level":0,"pages":["version-control-basics","version-control-types"],"tabIndex":1},"version-control-basics":{"id":"version-control-basics","title":"Conceitos Básicos de Versionamento","url":"version-control-basics.html","level":1,"parentId":"-83yuir_3","tabIndex":0},"version-control-types":{"id":"version-control-types","title":"Tipos de Sistemas de Controle de Versão","url":"version-control-types.html","level":1,"parentId":"-83yuir_3","tabIndex":1},"-83yuir_4":{"id":"-83yuir_4","title":"Git","level":0,"pages":["git-history","git-basics","git-workflow","git-commands"],"tabIndex":2},"git-history":{"id":"git-history","title":"História do Git","url":"git-history.html","level":1,"parentId":"-83yuir_4","tabIndex":0},"git-basics":{"id":"git-basics","title":"Conceitos Básicos do Git","url":"git-basics.html","level":1,"parentId":"-83yuir_4","tabIndex":1},"git-workflow":{"id":"git-workflow","title":"Fluxo de Trabalho do Git","url":"git-workflow.html","level":1,"parentId":"-83yuir_4","tabIndex":2},"git-commands":{"id":"git-commands","title":"Comandos Essenciais do Git","url":"git-commands.html","level":1,"parentId":"-83yuir_4","tabIndex":3},"-83yuir_5":{"id":"-83yuir_5","title":"Práticas com Git","level":0,"pages":["git-branches","git-remote"],"tabIndex":3},"git-branches":{"id":"git-branches","level":1,"parentId":"-83yuir_5","tabIndex":0},"git-remote":{"id":"git-remote","level":1,"parentId":"-83yuir_5","tabIndex":1},"-83yuir_6":{"id":"-83yuir_6","title":"Referências","level":0,"pages":["references"],"tabIndex":4},"references":{"id":"references","title":"Links e Referências","url":"references.html","level":1,"parentId":"-83yuir_6","tabIndex":0}}},"topLevelIds":["intro","-83yuir_3","-83yuir_4","-83yuir_5","-83yuir_6"]}