{"entities":{"pages":{"g645xv_2":{"id":"g645xv_2","title":"Starter","level":0,"pages":["g645xv_4","Capitulo-2","Prática","Questões","Respostas"],"tabIndex":0},"g645xv_4":{"id":"g645xv_4","title":"Domus 1","level":1,"parentId":"g645xv_2","pages":["SistemasOperacionais","1-1","1-6-Estrutura-do-sistema-operacional","1-7-Operações-do-Computador","1-6-Gerência-de-processos","1-9-Gerência-de-memória","1-10-Gerência-de-armazenamento","1-11-Proteção-e-segurança","1-12-Sistemas-de-uso-específico","Ambientes-de-Computação","1-14","Exercícios-Práticos-Resolvidos"],"tabIndex":0},"SistemasOperacionais":{"id":"SistemasOperacionais","title":"Sistemas Operacionais","url":"sistemasoperacionais.html","level":2,"parentId":"g645xv_4","tabIndex":0},"1-1":{"id":"1-1","title":"1.1 O que os Sistemas Operacionais fazem","url":"1-1.html","level":2,"parentId":"g645xv_4","pages":["Hardware","Software","1-2"],"tabIndex":1},"Hardware":{"id":"Hardware","title":"1.1.1 Hardware","url":"hardware.html","level":3,"parentId":"1-1","tabIndex":0},"Software":{"id":"Software","title":"1.1.2 Software","url":"software.html","level":3,"parentId":"1-1","tabIndex":1},"1-2":{"id":"1-2","title":"1.1.3 Visões do Sistema","url":"1-2.html","level":3,"parentId":"1-1","tabIndex":2},"1-6-Estrutura-do-sistema-operacional":{"id":"1-6-Estrutura-do-sistema-operacional","title":"1.6 Estrutura do sistema operacional","url":"1-6-estrutura-do-sistema-operacional.html","level":2,"parentId":"g645xv_4","tabIndex":2},"1-7-Operações-do-Computador":{"id":"1-7-Operações-do-Computador","title":"1.7 Operações do Sistema Operacional","url":"1-7-operações-do-computador.html","level":2,"parentId":"g645xv_4","tabIndex":3},"1-6-Gerência-de-processos":{"id":"1-6-Gerência-de-processos","title":"1.8 Gerência de processos","url":"1-6-gerência-de-processos.html","level":2,"parentId":"g645xv_4","tabIndex":4},"1-9-Gerência-de-memória":{"id":"1-9-Gerência-de-memória","title":"1.9 Gerência de memória","url":"1-9-gerência-de-memória.html","level":2,"parentId":"g645xv_4","tabIndex":5},"1-10-Gerência-de-armazenamento":{"id":"1-10-Gerência-de-armazenamento","title":"1.10 Gerência de armazenamento","url":"1-10-gerência-de-armazenamento.html","level":2,"parentId":"g645xv_4","tabIndex":6},"1-11-Proteção-e-segurança":{"id":"1-11-Proteção-e-segurança","title":"1.11 Proteção e segurança","url":"1-11-proteção-e-segurança.html","level":2,"parentId":"g645xv_4","tabIndex":7},"1-12-Sistemas-de-uso-específico":{"id":"1-12-Sistemas-de-uso-específico","title":"1.12 Sistemas de uso específico","url":"1-12-sistemas-de-uso-específico.html","level":2,"parentId":"g645xv_4","tabIndex":8},"Ambientes-de-Computação":{"id":"Ambientes-de-Computação","title":"1.13 Ambientes de Computação","url":"ambientes-de-computação.html","level":2,"parentId":"g645xv_4","tabIndex":9},"1-14":{"id":"1-14","title":"1.14 Sistemas Operacionais de Código Aberto","url":"1-14.html","level":2,"parentId":"g645xv_4","tabIndex":10},"Exercícios-Práticos-Resolvidos":{"id":"Exercícios-Práticos-Resolvidos","title":"Exercícios Práticos Resolvidos - 1","url":"exercícios-práticos-resolvidos.html","level":2,"parentId":"g645xv_4","tabIndex":11},"Capitulo-2":{"id":"Capitulo-2","title":"Domus 2","url":"capitulo-2.html","level":1,"parentId":"g645xv_2","pages":["2-2-Interface-usuário-sistema-operacional","2-3-Chamadas-de-sistema","2-4-Tipos-de-chamadas-de-sistema","2-5-Programas-do-sistema","2-6-Projeto-e-implementação-do-sistema-operacional","2-8-Máquinas-virtuais","2-7-Geração-do-sistema-operacional","2-9-Boot-do-sistema","Exercicios-Práticos-Resolvidos"],"tabIndex":1},"2-2-Interface-usuário-sistema-operacional":{"id":"2-2-Interface-usuário-sistema-operacional","title":"2.2 Interface usuário-sistema operacional","url":"2-2-interface-usuário-sistema-operacional.html","level":2,"parentId":"Capitulo-2","tabIndex":0},"2-3-Chamadas-de-sistema":{"id":"2-3-Chamadas-de-sistema","title":"2.3 Chamadas de sistema","url":"2-3-chamadas-de-sistema.html","level":2,"parentId":"Capitulo-2","tabIndex":1},"2-4-Tipos-de-chamadas-de-sistema":{"id":"2-4-Tipos-de-chamadas-de-sistema","title":"2.4 Tipos de chamadas de sistema","url":"2-4-tipos-de-chamadas-de-sistema.html","level":2,"parentId":"Capitulo-2","tabIndex":2},"2-5-Programas-do-sistema":{"id":"2-5-Programas-do-sistema","title":"2.5 Programas do sistema","url":"2-5-programas-do-sistema.html","level":2,"parentId":"Capitulo-2","tabIndex":3},"2-6-Projeto-e-implementação-do-sistema-operacional":{"id":"2-6-Projeto-e-implementação-do-sistema-operacional","title":"2.6 Projeto e implementação do sistema operacional","url":"2-6-projeto-e-implementação-do-sistema-operacional.html","level":2,"parentId":"Capitulo-2","tabIndex":4},"2-8-Máquinas-virtuais":{"id":"2-8-Máquinas-virtuais","title":"2.7 Máquinas virtuais","url":"2-8-máquinas-virtuais.html","level":2,"parentId":"Capitulo-2","tabIndex":5},"2-7-Geração-do-sistema-operacional":{"id":"2-7-Geração-do-sistema-operacional","title":"2.8 Geração do sistema operacional","url":"2-7-geração-do-sistema-operacional.html","level":2,"parentId":"Capitulo-2","tabIndex":6},"2-9-Boot-do-sistema":{"id":"2-9-Boot-do-sistema","title":"2.9 Boot do sistema","url":"2-9-boot-do-sistema.html","level":2,"parentId":"Capitulo-2","tabIndex":7},"Exercicios-Práticos-Resolvidos":{"id":"Exercicios-Práticos-Resolvidos","title":"Exercícios Práticos Resolvidos - 2","url":"exercicios-práticos-resolvidos.html","level":2,"parentId":"Capitulo-2","tabIndex":8},"Prática":{"id":"Prática","title":"Prática 1","url":"prática.html","level":1,"parentId":"g645xv_2","tabIndex":2},"Questões":{"id":"Questões","title":"Questões 1","url":"questões.html","level":1,"parentId":"g645xv_2","tabIndex":3},"Respostas":{"id":"Respostas","title":"Respostas - Questões 1","url":"respostas.html","level":1,"parentId":"g645xv_2","tabIndex":4},"Bibliografia":{"id":"Bibliografia","title":"Bibliografia","url":"bibliografia.html","level":0,"tabIndex":1}}},"topLevelIds":["g645xv_2","Bibliografia"]}