{"entities":{"pages":{"intro":{"id":"intro","title":"Git Pie: Aprenda sobre VCS","url":"intro.html","level":0,"tabIndex":0},"-kvvu49_3":{"id":"-kvvu49_3","title":"Fundamentos de Versionamento","level":0,"pages":["version-control-basics","version-control-types","version-control-workflows","version-control-best-practices","version-control-terminology","version-control-security"],"tabIndex":1},"version-control-basics":{"id":"version-control-basics","title":"Conceitos Básicos de Versionamento","url":"version-control-basics.html","level":1,"parentId":"-kvvu49_3","tabIndex":0},"version-control-types":{"id":"version-control-types","title":"Tipos de Sistemas de Controle de Versão","url":"version-control-types.html","level":1,"parentId":"-kvvu49_3","pages":["local-version-control","centralized-version-control","distributed-version-control","version-control-comparison","version-control-history","modern-version-control"],"tabIndex":1},"local-version-control":{"id":"local-version-control","title":"Sistemas de Controle de Versão Local","url":"local-version-control.html","level":2,"parentId":"version-control-types","tabIndex":0},"centralized-version-control":{"id":"centralized-version-control","title":"Sistemas de Controle de Versão Centralizado","url":"centralized-version-control.html","level":2,"parentId":"version-control-types","tabIndex":1},"distributed-version-control":{"id":"distributed-version-control","title":"Sistemas de Controle de Versão Distribuído","url":"distributed-version-control.html","level":2,"parentId":"version-control-types","tabIndex":2},"version-control-comparison":{"id":"version-control-comparison","title":"Comparando Sistemas de Controle de Versão","url":"version-control-comparison.html","level":2,"parentId":"version-control-types","tabIndex":3},"version-control-history":{"id":"version-control-history","title":"História do Controle de Versão","url":"version-control-history.html","level":2,"parentId":"version-control-types","tabIndex":4},"modern-version-control":{"id":"modern-version-control","title":"Controle de Versão Moderno","url":"modern-version-control.html","level":2,"parentId":"version-control-types","tabIndex":5},"version-control-workflows":{"id":"version-control-workflows","title":"Fluxos de Trabalho em Versionamento","url":"version-control-workflows.html","level":1,"parentId":"-kvvu49_3","tabIndex":2},"version-control-best-practices":{"id":"version-control-best-practices","title":"Melhores Práticas em Controle de Versão","url":"version-control-best-practices.html","level":1,"parentId":"-kvvu49_3","tabIndex":3},"version-control-terminology":{"id":"version-control-terminology","title":"Terminologia do Controle de Versão","url":"version-control-terminology.html","level":1,"parentId":"-kvvu49_3","tabIndex":4},"version-control-security":{"id":"version-control-security","title":"Segurança em Controle de Versão","url":"version-control-security.html","level":1,"parentId":"-kvvu49_3","tabIndex":5},"-kvvu49_4":{"id":"-kvvu49_4","title":"Git","level":0,"pages":["git-history","git-basics","git-workflow","git-commands"],"tabIndex":2},"git-history":{"id":"git-history","title":"História do Git","url":"git-history.html","level":1,"parentId":"-kvvu49_4","tabIndex":0},"git-basics":{"id":"git-basics","title":"Conceitos Básicos do Git","url":"git-basics.html","level":1,"parentId":"-kvvu49_4","tabIndex":1},"git-workflow":{"id":"git-workflow","title":"Fluxo de Trabalho do Git","url":"git-workflow.html","level":1,"parentId":"-kvvu49_4","tabIndex":2},"git-commands":{"id":"git-commands","title":"Comandos Essenciais do Git","url":"git-commands.html","level":1,"parentId":"-kvvu49_4","tabIndex":3},"-kvvu49_5":{"id":"-kvvu49_5","title":"Práticas com Git","level":0,"pages":["git-branches","git-remote"],"tabIndex":3},"git-branches":{"id":"git-branches","level":1,"parentId":"-kvvu49_5","tabIndex":0},"git-remote":{"id":"git-remote","level":1,"parentId":"-kvvu49_5","tabIndex":1},"-kvvu49_6":{"id":"-kvvu49_6","title":"Referências","level":0,"pages":["references"],"tabIndex":4},"references":{"id":"references","title":"Links e Referências","url":"references.html","level":1,"parentId":"-kvvu49_6","tabIndex":0}}},"topLevelIds":["intro","-kvvu49_3","-kvvu49_4","-kvvu49_5","-kvvu49_6"]}